model,train_r2,test_r2,test_rmse,test_mae,cv_r2_mean,cv_r2_std
OLS,0.0021027476134113376,-0.0030871463623198814,0.0025593956480799047,0.002198890255346276,-0.0038344451107817034,0.0059665859369801184
RandomForest,0.17530523521039032,-0.020295395070518918,0.002581255876635017,0.0022099404154613603,-0.01504867131650851,0.006745447662675705
XGBoost,-4.1979501370636996e-06,-0.002279050461601484,0.0025583645044477453,0.002194542625268836,-0.0002466237540356353,0.00024510029825171954
