mean_npv,median_npv,std_npv,p10_npv,p90_npv,prob_positive
-14555.472315117557,-14062.341897492412,4796.867879353418,-20941.60175780628,-8807.761468503993,0.01
