parameter,S1,ST
Retrofit_Cost,0.26511370414814206,0.3446478153925847
HP_Cost,0.2594029880901946,0.33722388451725294
Elec_Price,0.23695410773951203,0.30804034006136566
COP,0.12441893698765437,0.1617446180839507
Gas_Price,0.06125979043902554,0.0796377275707332
HDD,0.03845764507921971,0.04999493860298563
System_Life,0.010448274172881872,0.013582756424746434
Discount_Rate,0.0039445533433698325,0.0051279193463807824
