model,rmse,mae,r2,mape
GradientBoosting,0.0028833721455079632,0.0020899241825964904,0.49912241291603654,42.26496209982482
XGBoost,0.0029068045813215476,0.002096691364207223,0.49094832213381756,42.76159271182524
RandomForest,0.002916669173773441,0.002118868629906019,0.48748740284600955,43.94537448663101
ExtraTrees,0.002966960901131322,0.0021524357570710593,0.46966065535219637,45.172849228471875
LinearRegression,0.0030360135263923105,0.002264867922930827,0.4446873004612184,47.186264015452295
Ridge,0.0030360135533494923,0.0022648679348513073,0.4446872905998227,47.18626551209414
DeepEmbeddingNN,0.003095613031965437,0.0022740180634417636,0.4226707865092113,47.476371326942825
SimpleLSTM,0.0032597162460366092,0.0024271579758934157,0.35983814107014656,52.114993299732234
Lasso,0.0032616200323124208,0.0024252641047737317,0.35909016967643814,52.858541722832896
